dir,q_waist,q_shoulder,q_elbow,q_wrist_angle,q_wrist_rotate,target_q_waist,target_q_shoulder,target_q_elbow,target_q_wrist_angle,target_q_wrist_rotate,measured_effort_waist,measured_effort_shoulder,measured_effort_elbow,measured_effort_wrist_angle,measured_effort_wrist_rotate,pwm_waist,pwm_shoulder,pwm_elbow,pwm_wrist_angle,pwm_wrist_rotate,tau_waist,tau_shoulder,tau_elbow,tau_wrist_angle,tau_wrist_rotate
1.0,0.0,-1.558524489402771,0.6028085281786401,-0.38963112235069275,-0.021965992956721084,0.0,-1.6,0.6,-0.4,0.0,0.0,202.94556012671538,-257.75639611862124,-115.67000579833984,175.49144239104197,-6.629581954946264e-14,54.98819455088411,-92.32018846228036,-39.44593629940985,58.57541595022633,-3.9688939546003e-20,0.6493707896841744,-0.332669727261698,-0.02359119312119932,4.825151868098329e-05
-1.0,0.0015339808305725455,-1.6026230915060056,0.5767921232403292,-0.4019489357533973,-0.02147573232650757,0.0,-1.6,0.6,-0.4,0.0,-13.450000762939453,551.5071033949263,-39.11414674813679,3.01239706782366,172.16000366210938,-4.090615272521973,187.30377087110156,-11.09185123055047,1.1089292918626061,57.27463392828135,-2.0874444917353168e-20,0.707050171231686,-0.28619663888144276,-0.008177182775485082,3.0091828475225015e-05
1.0,0.0015339808305725455,-1.5616077803791537,0.6003476406602228,-0.1365242898464203,-0.021537014905284257,0.0,-1.6,0.6,-0.15000000000000002,0.0,-13.450000762939453,165.3795915048816,-268.61379490541606,-209.82000732421875,172.16000366210938,-4.090615272521973,52.83116099629719,-96.18005939241273,-70.18778177116535,57.45132734836821,-2.6364825768969058e-20,0.6086997244408467,-0.37358831380024204,-0.06850711926809222,9.645956383354216e-05
-1.0,-0.0007382282747130375,-1.602356078028679,0.5746023786067963,-0.15800002217292786,-0.02151791676413268,0.0,-1.6,0.6,-0.15000000000000002,0.0,4.223300054073333,515.8377614212036,-44.875926547050476,-13.01287567615509,172.16000366210938,2.065760712623566,175.66058061642508,-16.049801647882155,-5.11053814722988,57.36631091018626,2.22473203596342e-20,0.664305725059696,-0.3284975315691032,-0.05288820060841875,7.941526301169856e-05
1.0,-0.00016661215013709295,-1.563271991471375,0.5997865200042725,0.11198060214519501,-0.02150254345472237,0.0,-1.6,0.6,0.09999999999999998,0.0,0.1276154833637671,157.21555775084002,-290.52001953125,-258.239990234375,172.16000366210938,0.4902610064445276,47.29752354283858,-104.45136209503212,-86.4719016566271,57.4139515142574,8.642379735362323e-20,0.5696360599032195,-0.41185130481480337,-0.10904872542965338,0.0001393893336116522
-1.0,-0.0015339808305725455,-1.601460595005594,0.572159488075815,0.08617555112280745,-0.02156788629196463,0.0,-1.6,0.6,0.09999999999999998,0.0,10.760000228881836,477.71235933649973,-61.72860083741151,-27.805645619226485,172.2408047366948,4.090615272521973,162.87286635818208,-19.63123274210549,-10.407479231455275,57.56999390521434,-2.1186212821386409e-19,0.6234060537262709,-0.36812543748079807,-0.09460616041534411,0.00012455914259974646
1.0,-0.0015339808305725455,-1.5647522395388445,0.6013511083369838,0.3635534644126892,-0.02156754157638312,0.0,-1.6,0.6,0.35,0.0,10.760000228881836,137.98828163051843,-326.5599740045029,-322.8000183105469,172.1868366041683,4.090615272521973,42.348073434258204,-117.26573823064955,-107.97076096522288,57.50761364095649,-5.998408508641894e-21,0.5345175613636904,-0.44573426486987994,-0.14365591899739874,0.000174902270451588
-1.0,-0.0011682001331451346,-1.60149127475629,0.5690762354491207,0.3334253855635611,-0.021567656194672602,0.0,-1.6,0.6,0.35,0.0,7.190124676617493,451.721873422687,-67.03506865959787,-60.31510764323222,172.2674694275588,3.104986374149005,153.86703455789072,-20.140974284043143,-21.387737208114835,57.52065990358683,-9.411477191714448e-21,0.5878051052371036,-0.4022097357838722,-0.13099977984188058,0.00016228503259537615
1.0,-0.00032747905371773446,-1.5660871701889418,0.5999301515714952,0.6135923266410828,-0.021680645949292122,0.0,-1.6,0.6,0.6,0.0,0.8597253616085362,120.74439713838842,-333.78164569983323,-363.1499938964844,172.72419893071893,0.8579567612779593,39.42913415829221,-119.58596074140848,-120.67756066496266,57.83461603277623,-6.334664378566992e-20,0.5092659950302777,-0.4697570751876375,-0.16886302598384983,0.00019992357407643582
-1.0,0.0,-1.6006065043021975,0.5671917892871575,0.579999894908305,-0.02168830627163921,0.0,-1.6,0.6,0.6,0.0,0.0,425.34576926546896,-73.42927870351575,-78.43986519802822,173.02308809087518,-6.625825379687232e-14,143.8492590642727,-22.236198622062698,-26.542056592889097,57.8789238993803,2.1008532030601416e-19,0.5578668982336027,-0.43031641141799726,-0.15975189853000737,0.00019167196306652077
1.0,0.0,-1.57153460085392,0.9004927921295166,-0.38680861473083494,-0.021696241886820643,0.0,-1.6,0.9,-0.4,0.0,0.0,156.47394207000733,-353.136490020752,-217.59746404647828,173.09814201354982,-6.629643142817986e-14,49.29308273873306,-127.24255700283375,-72.87494714770247,57.85711462105156,-4.3327985805324656e-20,0.490948522004799,-0.4938134676209569,-0.07542487513667873,0.00010464094699594763
-1.0,0.0015339808305725455,-1.6016444817613276,0.8668600265006448,-0.40343695878982544,-0.02153892998587103,0.0,-1.6,0.9,-0.4,0.0,-13.450000762939453,417.63510459490334,-84.965045552724,-61.87000274658203,172.31784400511324,-4.090615272521973,140.78990502781173,-28.317212258182266,-21.519613923821794,57.44978452893672,-5.415512021821127e-20,0.5344799284221322,-0.4580102017596326,-0.06136967353041953,8.873542202879469e-05
1.0,0.0015339808305725455,-1.5692470646678434,0.8995275305451526,-0.13345633447170258,-0.02155233554997843,0.0,-1.6,0.9,-0.15000000000000002,0.0,-13.450000762939453,135.7492911044727,-371.87822903408096,-309.3500061035156,172.2003033241529,-4.090615272521973,32.52151119166924,-134.81836749514616,-102.26655144748491,57.50742730629978,7.777977854077246e-20,0.4491364814125721,-0.5336385117595628,-0.11629965925387897,0.0001471601048470118
-1.0,0.0,-1.5995738124847412,0.8636618685722351,-0.1640899282693863,-0.02161762543488294,0.0,-1.6,0.9,-0.15000000000000002,0.0,0.0,374.9053082275391,-88.22527847290038,-37.821399993896485,172.4828039550781,-6.628547638890241e-14,125.01295426044841,-29.657012941204908,-13.138913783972335,57.6631858761621,2.9849441061241546e-20,0.4945433254790197,-0.49630858924003973,-0.10150591821269936,0.00013206431943097214
1.0,0.0,-1.5710072934627533,0.9004927921295166,0.11504856497049332,-0.02161379048600793,0.0,-1.6,0.9,0.09999999999999998,0.0,0.0,89.80565155029296,-401.8254734802246,-344.32000732421875,172.45590393066405,-6.630874148811402e-14,28.93921275835521,-145.37775893402411,-114.56804347488327,57.662645072368804,-1.2407064388083232e-19,0.41663869631380196,-0.5649554763062583,-0.14887707597170094,0.0001804566499160252
-1.0,0.0,-1.6000319780333063,0.8620531567175885,0.07800321546051833,-0.02155233554997843,0.0,-1.6,0.9,0.09999999999999998,0.0,0.0,354.8818709889006,-122.66199020023798,-26.063784131396577,172.37493519300824,-6.631197725810292e-14,117.49217937359772,-33.71871729184021,-9.394543122693817,57.50636777149231,-1.4779614586772788e-19,0.4603444907636641,-0.5290760028773908,-0.13613466653922057,0.00016736823463704082
1.0,0.0,-1.5728665801618578,0.9008106392123428,0.36508744955062866,-0.021598297484060947,0.0,-1.6,0.9,0.35,0.0,0.0,86.12030123592763,-419.1261939573824,-381.9800109863281,172.42866807573296,-6.626622082380897e-14,27.82595476763874,-152.03362855623817,-126.44560504760874,57.635937054600475,1.5988619291636512e-19,0.3928503096602852,-0.5876922039895128,-0.1724246762828655,0.00020240509738234948
-1.0,-0.0015339808305725455,-1.6014298769052098,0.8607340880269849,0.33491849481537284,-0.021629322268936005,0.0,-1.6,0.9,0.35,0.0,10.760000228881836,344.04730369749296,-108.96352187862085,-123.820805421908,172.61787641809343,4.090615272521973,114.06796627176035,-36.9925329231199,-41.89343299679805,57.70701606704309,1.4625364881502288e-20,0.43237239792785126,-0.5557127133083907,-0.16426250794398647,0.00019528127860377859
1.0,-0.0015339808305725455,-1.572345657241612,0.9004926773675362,0.6136382314332406,-0.021672739675198855,0.0,-1.6,0.9,0.6,0.0,10.760000228881836,71.40239548623711,-425.0032483716855,-387.68536529160497,173.26350840428228,4.090615272521973,22.691561961211328,-154.62406363118546,-129.06202140734342,57.92838536049671,-1.5097279730230677e-19,0.3781622366373685,-0.6011966934022731,-0.1853868085558095,0.0002130197680159696
-1.0,-0.0015339808305725455,-1.5999668650561654,0.8605632185935974,0.5700376094057319,-0.021761079333936527,0.0,-1.6,0.9,0.6,0.0,10.645817934052923,321.1577979003297,-119.67981454227747,-29.825081181139236,173.4798175940353,4.090615272521973,105.34743400864713,-40.98403715237534,-10.556062970605446,58.0666037600694,-1.2860096227401994e-19,0.4134135122312567,-0.5731325657265236,-0.18097290913299036,0.0002108679374743985
1.0,-0.0003528155910316855,-1.577716560959816,1.2016784346103668,-0.3880971372127533,-0.021642552602570503,0.0,-1.6,1.2000000000000002,-0.4,0.0,1.5602000331878663,110.37742783546447,-446.79555877685544,-277.07000732421875,172.91320434570312,1.14537227630609,34.0616619310302,-162.4030231678396,-92.73090439112428,57.83116737545983,-3.7733200217810944e-20,0.3666250923371158,-0.6180791152737931,-0.1219798757681067,0.00015388865229886225
-1.0,0.0,-1.6013231286373115,1.1581555604934692,-0.4172580777708056,-0.021546413825075623,0.0,-1.6,1.2000000000000002,-0.4,0.0,0.0,322.0663719319763,-134.5,-18.776400909328817,172.16000366210938,-6.625236378241986e-14,105.91596923075868,-38.81976093656881,-7.77354894787158,57.39298561474886,2.498525678934528e-19,0.40120046812862675,-0.5898232468567819,-0.10767168268123431,0.000137916489397789
1.0,0.0,-1.575398325920105,1.2016170752048492,-0.13043438374996186,-0.021565853625070304,0.0,-1.6,1.2000000000000002,-0.15000000000000002,0.0,0.0,83.74642653465271,-463.4130382537842,-389.99621826171875,172.29786628723144,-6.63140180110931e-14,19.209404343819873,-169.99648726670668,-129.44433193726286,57.55118116963377,-1.6033539598135855e-19,0.33260398340525216,-0.6497818313328371,-0.15453850709701789,0.00018564388816582692
-1.0,0.0,-1.6014759540557861,1.1566215753555298,-0.17180585861206055,-0.021521636951445343,0.0,-1.6,1.2000000000000002,-0.15000000000000002,0.0,0.0,298.50278927619917,-142.91883541877726,-34.970001220703125,172.16000366210938,-6.627716712242795e-14,97.62522551054542,-42.9467589011086,-12.654354348160325,57.42554969121412,8.504126298368611e-20,0.3674092085780188,-0.6220492072808183,-0.1416066136645824,0.00017260842071971768
1.0,0.0,-1.5774934317139948,1.2022713983847706,0.11965050548315048,-0.02155233554997843,0.0,-1.6,1.2000000000000002,0.09999999999999998,0.0,0.0,58.521774063396094,-483.286553200711,-422.33001708984375,172.2674694275588,-6.62435155822105e-14,19.31364540746882,-177.00893389836452,-140.40598574040675,57.513890389041606,3.0851139475244177e-19,0.31108009407607873,-0.6703799679948712,-0.1760094072696014,0.00020499752732246597
-1.0,0.0,-1.601082870364189,1.155118269920349,0.08476011037826538,-0.02161379048600793,0.0,-1.6,1.2000000000000002,0.09999999999999998,0.0,0.0,275.3954801940918,-132.10589782714842,-128.9014336490631,172.59040405273439,-6.6323546496475e-14,89.67863434480913,-45.430405651055146,-43.40808976076593,57.676524718714575,-2.2376069367616853e-19,0.34023735871755956,-0.6475094054748933,-0.16814671667859143,0.00019877025342295143
1.0,0.0,-1.5784911923343026,1.202370982938045,0.3665754436776879,-0.021546590308218115,0.0,-1.6,1.2000000000000002,0.35,0.0,0.0,82.99036336510666,-488.71357435590767,-414.260009765625,172.16000366210938,-6.630179018001837e-14,19.127462414015337,-179.9166814750828,-137.50657713948934,57.510154217717194,-7.88279950313665e-20,0.2998582410406417,-0.6809612930497375,-0.18660057578552386,0.00021188857882439242
-1.0,0.0,-1.5999419689178467,1.1535536050796509,0.3358193787553364,-0.021644049284612745,0.0,-1.6,1.2000000000000002,0.35,0.0,0.0,255.34539745454478,-139.25948672401637,-160.97403620008816,172.70672485655976,-6.631563150113023e-14,82.3394854498732,-45.16150265454162,-53.96486249915049,57.75975690817987,-1.7265953393657484e-19,0.32350705637593885,-0.662817582462922,-0.18359007500352817,0.00021144324081435426
1.0,1.5339808305725457e-05,-1.5784509563446045,1.2022881937026977,0.6151263117790222,-0.02164447007700801,0.0,-1.6,1.2000000000000002,0.6,0.0,-0.40350000858306884,65.90500064849853,-487.8651405334473,-403.5,172.40882888793945,-0.0818123054505076,18.912515390403623,-179.92833281068343,-133.28151974421647,57.75992992801512,-3.3765486134634987e-19,0.2995151990692361,-0.6811521246639255,-0.1858892294985188,0.00020673496255265868
-1.0,0.0,-1.6014759540557861,1.1537221327851923,0.5828361395890644,-0.02171703248044078,0.0,-1.6,1.2000000000000002,0.6,0.0,0.0,264.7584605699175,-132.88465521308814,-142.96628733431356,173.04659622706723,-6.627834465700325e-14,85.28968373868675,-46.73215939394413,-48.027507925666754,57.959503533669036,7.851075422715141e-20,0.31903453061507175,-0.6672148797109595,-0.18759560746164589,0.00021151469956040518
1.0,0.0015186410222668202,-1.1825304651260375,0.6036559975147248,-0.3850291967391968,-0.021583110895007848,0.0,-1.2000000000000002,0.6,-0.4,0.0,-13.234800720214844,72.42825147628784,-399.42466117858885,-255.5500030517578,172.26760375976562,-4.049709119796754,23.301562856791744,-146.95247107507706,-85.53167667885047,57.57916036909849,3.035766082959413e-20,0.27406455148179143,-0.5381326258988934,-0.09121938364917775,0.00012100988799106044
-1.0,0.0015339808305725455,-1.20464993713798,0.5641372246242194,-0.4081384968221857,-0.02149105297120174,0.0,-1.2000000000000002,0.6,-0.4,0.0,-13.450000762939453,289.2472086512343,-97.54524372877104,-48.12447112865662,172.16000366210938,-4.090615272521973,94.10131077278677,-33.28359737981068,-16.822842352431834,57.33054619559986,9.197445395803998e-20,0.3204173444161195,-0.5053998852317946,-0.07701079699814704,0.00010538725537153858
1.0,0.0015339808305725455,-1.1857671737670898,0.5982640253917109,-0.13250070577778025,-0.02155233554997843,0.0,-1.2000000000000002,0.6,-0.15000000000000002,0.0,-13.450000762939453,70.7728604329808,-384.8312120759085,-334.00329384107266,172.16000366210938,-4.090615272521973,23.744477508004977,-141.01553910863169,-110.7294128734132,57.50474931419295,2.0208662216240425e-19,0.24195401489045773,-0.5711175634925647,-0.12814105163851747,0.00015929365154347677
-1.0,0.0015339808305725455,-1.2026678215103055,0.5613201904237345,-0.16566993296146393,-0.021508288696482684,0.0,-1.2000000000000002,0.6,-0.15000000000000002,0.0,-13.450000762939453,245.7941342281194,-100.07068642605556,-45.72999954223633,172.16000366210938,-4.090615272521973,78.81876236439884,-35.234932950278676,-16.082584712845186,57.46132558458065,1.0679594433096916e-19,0.28129657954394455,-0.542429711367914,-0.11573785344169601,0.00014644829207583314
1.0,0.0015339808305725455,-1.1857671737670898,0.5985593318939209,0.11504856497049332,-0.02159845069050789,0.0,-1.2000000000000002,0.6,0.09999999999999998,0.0,-13.450000762939453,31.096400108337402,-407.4610285949707,-360.46002197265625,172.37520385742187,-4.090615272521973,15.969485281723664,-149.13850695667233,-119.0664217872336,57.63368445058128,-1.37287100090977e-19,0.211463116395718,-0.6000452927269528,-0.15787441700049276,0.00018909998983527052
-1.0,0.0015339808305725455,-1.2026563501358032,0.5601024436950683,0.0782330259680748,-0.021552431304007767,0.0,-1.2000000000000002,0.6,0.09999999999999998,0.0,-13.450000762939453,221.3601023864746,-136.3829997253418,-43.040000915527344,172.16000366210938,-4.090615272521973,70.62123652351062,-39.75463775934384,-15.884368321086088,57.42708892300439,2.9436088982981444e-19,0.24916720253393224,-0.5731298759428313,-0.14785925940828337,0.00017877442611452814
1.0,0.0015339808305725455,-1.1875622627582956,0.6005659918015233,0.3691402891177558,-0.021521809309236098,0.0,-1.2000000000000002,0.6,0.35,0.0,-13.450000762939453,38.4276102135268,-434.6218619985187,-421.82837708512596,172.16000366210938,-4.090615272521973,15.371463313581689,-159.68454456662712,-140.19239250614766,57.43280328578753,-5.3938718843928414e-20,0.19050907971601005,-0.6204151517268786,-0.17834386787199522,0.00020657802692731038
-1.0,0.0015339808305725455,-1.2041903352737426,0.5583421957492828,0.33594179153442383,-0.021583110895007848,0.0,-1.2000000000000002,0.6,0.35,0.0,-13.450000762939453,217.8967286682129,-116.66530342102051,-145.260009765625,172.22052871704102,-4.090615272521973,68.6684055751867,-40.894647525624066,-48.61430532053173,57.55443838368838,-1.0245710529988016e-19,0.22546737040503254,-0.5960484391897957,-0.1722057148280754,0.0002019301539143468
1.0,0.0015339808305725455,-1.187331800306037,0.6013205051422119,0.6151263117790222,-0.02162702369286252,0.0,-1.2000000000000002,0.6,0.6,0.0,-13.450000762939453,30.68144867095757,-449.4113594655241,-403.5,172.52941723084183,-4.090615272521973,11.938167305051868,-164.2264926837918,-133.96225019092108,57.719674420536776,1.366419591915252e-19,0.17929424263276428,-0.630216258338481,-0.18725084010352622,0.00021254167708881658
-1.0,0.0015339808305725455,-1.2041999226808549,0.5578436505794525,0.5828245389461517,-0.021508329391945153,0.0,-1.2000000000000002,0.6,0.6,0.0,-13.450000762939453,205.50928100585938,-126.86712299346924,-139.79930480957032,172.16000366210938,-4.090615272521973,64.9274971204049,-42.94107559676452,-46.84332499278185,57.43356451609128,2.0687932703739032e-19,0.21075703697073767,-0.6093272892258357,-0.18522773961569217,0.0002111523915552133
1.0,0.0015339808305725455,-1.1919356708074182,0.9095318883694662,-0.3880971372127533,-0.021661495143424407,0.0,-1.2000000000000002,0.9,-0.4,0.0,-13.450000762939453,68.00897812575437,-515.58669419116,-298.5899963378906,172.88539757889308,-4.090615272521973,21.787647454710594,-190.2847766632217,-99.12464260762857,57.79735240753145,-1.9518346226268381e-19,0.16977406188011826,-0.6467557682150495,-0.13476760175908917,0.00016683236617802297
-1.0,0.0015339808305725455,-1.2033447259664536,0.8590599715709686,-0.418728843331337,-0.021565853625070304,0.0,-1.2000000000000002,0.9,-0.4,0.0,-13.450000762939453,192.41906715393065,-167.27092386245727,-30.612199630737305,172.24070373535156,-4.090615272521973,59.90399821093365,-50.01350011563332,-11.152572332555803,57.508889401949254,2.8419649446276283e-19,0.19964729490971952,-0.6242663944135692,-0.1221223571883016,0.00015315113370788504
1.0,0.0015339808305725455,-1.1918877936183438,0.9004314518748746,-0.13359039060111053,-0.021537014905284257,0.0,-1.2000000000000002,0.9,-0.15000000000000002,0.0,-13.450000762939453,30.597491013125683,-466.43793707572564,-376.46567389670383,172.32120231028352,-4.090615272521973,14.862538243362282,-172.49979210738866,-125.03058049100473,57.51149611444633,-2.63944349106958e-21,0.14295777310033794,-0.6719578580868407,-0.16248196436163137,0.00019302605279277135
-1.0,0.0015339808305725455,-1.2032672439175152,0.8589986516592952,-0.1672039031982422,-0.021537014905284257,0.0,-1.2000000000000002,0.9,-0.15000000000000002,0.0,-13.450000762939453,164.8859217878287,-161.13134474164985,-91.352533623818,172.18687010347173,-4.090615272521973,51.41988217923432,-57.59673031123593,-31.004745975803026,57.46896282536853,1.9261169680984678e-19,0.1676561858001009,-0.6546428668252902,-0.15376404719641742,0.0001846351845158967
1.0,0.0015339808305725455,-1.192194207628419,0.9019041542107991,0.11965050548315048,-0.021567656194672602,0.0,-1.2000000000000002,0.9,0.09999999999999998,0.0,-13.450000762939453,30.392634659670712,-492.23979478471733,-430.4000244140625,172.37157688783796,-4.090615272521973,10.63417205596408,-181.04980740913732,-142.85645553130124,57.55553604960132,5.813543484176331e-20,0.12336877155062824,-0.6900872995490988,-0.18091041464207452,0.00020896921995236617
-1.0,0.0015339808305725455,-1.2038398550988434,0.8574187044198445,0.08590292930603027,-0.021510203777069456,0.0,-1.2000000000000002,0.9,0.09999999999999998,0.0,-13.450000762939453,154.0587552340885,-161.05074541756275,-150.63999938964844,172.16000366210938,-4.090615272521973,47.31496336184341,-58.70561641438361,-50.25025940790277,57.391184645576544,-1.482149037292918e-19,0.14546714271221803,-0.6755145388584768,-0.17568539647344092,0.00020427649684176283
1.0,0.0015339808305725455,-1.193437099456787,0.9019310275218136,0.36968937516212463,-0.021517811566033863,0.0,-1.2000000000000002,0.9,0.35,0.0,-13.450000762939453,30.770648768417853,-495.10424903622294,-441.1600036621094,172.20696131071247,-4.090615272521973,12.094020478999324,-182.8877653855901,-146.34121958613235,57.39238028168634,4.0826565597334453e-20,0.11605823545731966,-0.6969740825495518,-0.18767246830052778,0.00021080047939980946
-1.0,0.0015339808305725455,-1.2039932889534053,0.8572179664697434,0.33594179153442383,-0.021594319274263488,0.0,-1.2000000000000002,0.9,0.35,0.0,-13.450000762939453,151.7032574965175,-168.11493928295715,-164.08999633789062,172.3947919051249,-4.090615272521973,44.69546467931884,-61.042705686980916,-55.79882603240755,57.63240758846397,2.2035530438296412e-20,0.13327591525479038,-0.6864596263242496,-0.18657503561893027,0.00021231691228860785
1.0,0.0015339808305725455,-1.193437099456787,0.9018083998326505,0.6336777053968736,-0.021537014905284257,0.0,-1.2000000000000002,0.9,0.6,0.0,-13.450000762939453,30.71167372466622,-488.52215096120085,-546.4730039446541,172.31784400511324,-4.090615272521973,13.08944863715527,-181.40635389425893,-180.89592368570018,57.47192880794435,-4.056621611659247e-19,0.11996310158813253,-0.692585940014031,-0.18221829286799326,0.0001995001451277635
-1.0,0.0015339808305725455,-1.2042516946792603,0.8556085062026978,0.5829127430915833,-0.021594615741632878,0.0,-1.2000000000000002,0.9,0.6,0.0,-13.450000762939453,152.91305339813232,-157.0825552368164,-139.8800048828125,172.32140380859374,-4.090615272521973,45.234734341698434,-56.5171689001287,-47.44039157232484,57.59623625199245,2.0606617540802619e-19,0.13276946550162605,-0.686381125127387,-0.18601295480012733,0.00020635261663989171
1.0,0.0015339808305725455,-1.193437099456787,1.2028212535381317,-0.38053462028503415,-0.02165980987250805,0.0,-1.2000000000000002,1.2000000000000002,-0.4,0.0,-13.450000762939453,30.82740047454834,-505.4644519042969,-407.8309039306641,172.98717941284178,-4.090615272521973,12.024998135303745,-185.94474125045588,-135.56281584281933,57.80940981885241,-3.838753316956489e-19,0.11578897877060798,-0.6996913157124541,-0.1673097921771606,0.00019852375091364716
-1.0,0.0015339808305725455,-1.2037613365087616,1.1535536050796509,-0.41264083981513977,-0.021537014905284257,0.0,-1.2000000000000002,1.2000000000000002,-0.4,0.0,-13.450000762939453,144.67901794204997,-174.85000610351562,-134.5,172.18687010347173,-4.090615272521973,43.560409261717155,-52.30496563596674,-45.69771910303092,57.459705657462166,1.821892789220336e-19,0.1314550178168519,-0.6908306820264302,-0.15881267154216003,0.00018936669052169663
1.0,0.0015339808305725455,-1.1949710845947266,1.2026103688834162,-0.1288543939590454,-0.02149105297120174,0.0,-1.2000000000000002,1.2000000000000002,-0.15000000000000002,0.0,-13.450000762939453,30.980337283435684,-510.88507457261676,-443.8500061035156,172.16000366210938,-4.090615272521973,12.106641883206652,-189.2329153491127,-147.97004117397347,57.35141624523384,-1.3752177368854838e-19,0.10006707029748363,-0.7147918203546936,-0.18316344548574814,0.00020972738247455652
-1.0,0.0015339808305725455,-1.2030130016803742,1.1535536050796509,-0.16566993296146393,-0.021562018676195293,0.0,-1.2000000000000002,1.2000000000000002,-0.15000000000000002,0.0,-13.450000762939453,123.703015499115,-161.40000915527344,-142.57000732421875,172.16000366210938,-4.090615272521973,36.1819540112148,-57.09720900888052,-47.465843880633486,57.514545676565625,2.405573570202213e-19,0.11058071150777174,-0.7096246677390131,-0.17850476670392876,0.0002069788383792626
1.0,0.0015339808305725455,-1.1949653464957068,1.2025338991027223,0.11965050548315048,-0.021605795430497933,0.0,-1.2000000000000002,1.2000000000000002,0.09999999999999998,0.0,-13.450000762939453,30.606297307478222,-511.4119471599931,-441.1600036621094,172.25391895931557,-4.090615272521973,10.652772065498908,-190.18070782945742,-146.2225145300218,57.57081600403295,2.07174542310977e-19,0.09452557536424606,-0.7192683732592644,-0.18764232115401983,0.0002103148886678123
-1.0,0.0015339808305725455,-1.2026410102844238,1.1535536050796509,0.08590292930603027,-0.021634684015209606,0.0,-1.2000000000000002,1.2000000000000002,0.09999999999999998,0.0,-13.450000762939453,116.92264925495962,-166.77999877929688,-169.47000122070312,172.4824009584577,-4.090615272521973,32.65602770717159,-59.302172086137844,-56.08124592374796,57.673667883122626,8.905076270639368e-19,0.10044444740502627,-0.7182714215503507,-0.1873468638111499,0.00021229977470354206
1.0,0.0015339808305725455,-1.1950477838516236,1.2026410102844238,0.3666214048862457,-0.021583110895007848,0.0,-1.2000000000000002,1.2000000000000002,0.35,0.0,-13.450000762939453,30.86102494716644,-506.9540398406982,-406.19000244140625,172.26760375976562,-4.090615272521973,12.418976034777803,-188.86767328269147,-134.6602510489178,57.553523843901374,-1.458929548350807e-19,0.10049080426280455,-0.7130392364768129,-0.18067310821902022,0.00019734007593935236
-1.0,0.0015339808305725455,-1.2041749954223633,1.1535536050796509,0.3328738510608673,-0.021567656194672602,0.0,-1.2000000000000002,1.2000000000000002,0.35,0.0,-13.450000762939453,123.79037654652875,-164.08999633789062,-137.19000244140625,172.24060298619645,-4.090615272521973,37.40050288803604,-58.73107270649857,-46.623695923615436,57.55447395233934,6.082902076341894e-19,0.10300856091490135,-0.7160318161245833,-0.1845868464981094,0.00020364006103131655
1.0,0.0015339808305725455,-1.193437099456787,1.2040676164627075,0.6135923266410828,-0.019941750913858414,0.0,-1.2000000000000002,1.2000000000000002,0.6,0.0,-13.450000762939453,30.3902753162384,-507.49540283203123,-352.3900146484375,158.7100067138672,-4.090615272521973,12.314858787031659,-188.3572373341989,-117.47362112864573,53.20981527625308,-2.786399583287746e-19,0.11692520353829895,-0.6961186718284198,-0.1624548335048464,0.00015908843570907867
-1.0,0.0015339808305725455,-1.2041902970197491,1.1535536050796509,0.5875146389007568,-0.019941750913858414,0.0,-1.2000000000000002,1.2000000000000002,0.6,0.0,-13.450000762939453,126.7117458543278,-158.7100067138672,-153.3300018310547,158.7100067138672,-4.090615272521973,40.89614368503373,-55.33494771677448,-51.72562818828914,53.21169324483582,3.225569056796027e-19,0.11655693950498776,-0.7027136789099858,-0.17003984127647995,0.00016847827862381175
1.0,0.0015339808305725455,-0.803805947303772,0.6043884754180908,-0.3804272413253784,-0.019941750913858414,0.0,-0.8,0.6,-0.4,0.0,-13.450000762939453,-78.311872553647,-489.58001708984375,-376.6000061035156,158.7100067138672,-4.090615272521973,-26.030644303439892,-182.13335184991527,-125.21704840894768,53.2108006941607,4.87890977618477e-19,-0.14188171043068185,-0.6683558877285803,-0.14604605818264524,0.00016401552524351748
-1.0,0.0015339808305725455,-0.8069907379209921,0.5572716953156146,-0.41264083981513977,-0.019941750913858414,0.0,-0.8,0.6,-0.4,0.0,-13.450000762939453,-36.937965713339054,-149.3235447344262,-102.22000122070312,158.7100067138672,-4.090615272521973,-12.699700354274023,-52.42549593618679,-34.20591905803299,53.2089183986751,6.252773952305603e-19,-0.12283005186880169,-0.6524621643543759,-0.1358296466487837,0.00015460404782169644
1.0,0.0015339808305725455,-0.8053380173541484,0.5993632856528559,-0.13164083146200645,-0.019941750913858414,0.0,-0.8,0.6,-0.15000000000000002,0.0,-13.450000762939453,-79.66228710846062,-467.09617060400575,-404.1649444237184,158.7100067138672,-4.090615272521973,-27.70630357018426,-174.46162198467033,-133.98861913724406,53.2149967388194,-2.8871451110007254e-19,-0.16433783629462242,-0.6906647706566622,-0.17007356488229125,0.00018499711636007024
-1.0,0.0015339808305725455,-0.809020730737741,0.5599030256271362,-0.16260196268558502,-0.019941750913858414,0.0,-0.8,0.6,-0.15000000000000002,0.0,-13.450000762939453,-39.34586839044883,-182.9199981689453,-145.260009765625,158.7100067138672,-4.090615272521973,-14.05140408940647,-66.28948256341185,-48.255705778359726,53.21393346190687,5.20917860275963e-19,-0.14927567216037507,-0.679273084639838,-0.16372170012637371,0.00017967921366741628
1.0,0.0015339808305725455,-0.8053399324417114,0.598252534866333,0.11811652034521103,-0.019941750913858414,0.0,-0.8,0.6,0.09999999999999998,0.0,-13.450000762939453,-99.10013947028494,-470.4208860933111,-425.02001953125,158.7100067138672,-4.090615272521973,-31.616060582097774,-174.99105810886567,-140.50712863498086,53.21705496431188,8.131516293641283e-19,-0.17982698081870516,-0.7045135881295443,-0.18439282019720543,0.00019528687600024237
-1.0,0.0015339808305725455,-0.8114758729934692,0.5568350553512573,0.08590292930603027,-0.019941750913858414,0.0,-0.8,0.6,0.09999999999999998,0.0,-13.450000762939453,-38.902572588974174,-174.85000610351562,-156.02000427246094,158.7100067138672,-4.090615272521973,-11.421348660734857,-62.199399108756424,-52.910284817105136,53.21665314654886,0.0,-0.16479872944131815,-0.6953173062188425,-0.1810049415824539,0.00019327778719149883
1.0,0.0015339808305725455,-0.8038212680042758,0.6011519774366705,0.36968937516212463,-0.019941750913858414,0.0,-0.8,0.6,0.35,0.0,-13.450000762939453,-111.86168788762276,-494.8693477330583,-441.1600036621094,158.7100067138672,-4.090615272521973,-37.344527211392766,-183.69745821260307,-146.14819598242602,53.21666439692274,-1.065319999818622e-18,-0.1864102898130772,-0.7083355527979255,-0.18728637339219226,0.00019333397685252865
-1.0,0.0015339808305725455,-0.813025197982788,0.5553164100646972,0.33589577198028564,-0.019941750913858414,0.0,-0.8,0.6,0.35,0.0,-13.450000762939453,-36.664700729846956,-166.86069885253906,-168.125,158.7100067138672,-4.090615272521973,-8.995332790794208,-59.80990504665203,-56.20960970948812,53.21709028065255,2.7647155398380364e-20,-0.17148696617302606,-0.7018279705800587,-0.18767241711619967,0.00019546354498625087
1.0,0.0015339808305725455,-0.8038499943177203,0.6012055998884337,0.6151263117790222,-0.019941750913858414,0.0,-0.8,0.6,0.6,0.0,-13.450000762939453,-107.89553329143929,-489.6102418363764,-390.0500183105469,158.7100067138672,-4.090615272521973,-35.52204565530075,-181.9235449617194,-129.63280683223212,53.213921164718734,6.7711877251669615e-19,-0.17958198092788594,-0.7007380800599812,-0.1785918428884479,0.00017961772772426016
-1.0,0.0015339808305725455,-0.8100912646854415,0.5598991954520103,0.5890390486008814,-0.019941750913858414,0.0,-0.8,0.6,0.6,0.0,-13.450000762939453,-44.85012454010276,-196.37001037597656,-182.9199981689453,158.7100067138672,-4.090615272521973,-16.926967982618805,-71.16556488097932,-61.93616162594189,53.214980454183014,-1.7684271390166187e-18,-0.1718100501010093,-0.6985359388415195,-0.18236119693759323,0.00018491407617131608
1.0,0.0015339808305725455,-0.8052748194645705,0.9096812651993779,-0.38328072179420464,-0.019941750913858414,0.0,-0.8,0.9,-0.4,0.0,-13.450000762939453,-99.8490409041463,-551.4970284794153,-398.4423924135358,158.7100067138672,-4.090615272521973,-31.275954703944493,-205.23163909341588,-131.79427280210697,53.21569486909818,-1.747446947164527e-19,-0.17785212464079952,-0.7037479634456703,-0.1744393597053818,0.00018848629673931904
-1.0,0.0015339808305725455,-0.8114912128448486,0.8528780126571656,-0.41264083981513977,-0.019941750913858414,0.0,-0.8,0.9,-0.4,0.0,-13.450000762939453,-39.07897554397583,-176.22863235473633,-147.9499969482422,158.7100067138672,-4.090615272521973,-12.05291457076738,-52.66797353462828,-49.941780110436454,53.2145386375915,-2.4665599424045225e-19,-0.16743587527165435,-0.6993199755240113,-0.1673013687535881,0.00018270524240447686
1.0,0.0015339808305725455,-0.8035764233429831,0.9065520503277196,-0.1288543939590454,-0.019941750913858414,0.0,-0.8,0.9,-0.15000000000000002,0.0,-13.450000762939453,-114.74426621510798,-536.3497740633767,-451.9200134277344,158.7100067138672,-4.090615272521973,-39.48207517993028,-199.79528304595954,-149.5096297469334,53.21719692452118,-3.1593272781778355e-19,-0.19223216936644083,-0.714992745505615,-0.1862427015714989,0.00019599667705129224
-1.0,0.0015339808305725455,-0.8130098581314087,0.8515432157766506,-0.1656392915604564,-0.019941750913858414,0.0,-0.8,0.9,-0.15000000000000002,0.0,-13.450000762939453,-38.449201814839604,-148.81979798734858,-147.9499969482422,158.7100067138672,-4.090615272521973,-11.878674648490456,-52.9033683002132,-49.75435710358312,53.21689372531119,-1.4119669116457602e-18,-0.18263384182580158,-0.7142017611182667,-0.18291826098188474,0.00019448068099559536
1.0,0.0015339808305725455,-0.8029680079221726,0.9080725365877151,0.12078948391601443,-0.019941750913858414,0.0,-0.8,0.9,0.09999999999999998,0.0,-13.450000762939453,-124.64114996910095,-547.0484957122803,-447.5184969329834,158.7100067138672,-4.090615272521973,-41.54570629579809,-203.8467848741893,-148.5365667417567,53.216213950372804,-1.1567081927704726e-19,-0.19406261974463143,-0.7150005753199372,-0.18621639141391333,0.00019108188952369286
-1.0,0.0015339808305725455,-0.8145438432693481,0.8534110724925995,0.08590292930603027,-0.019941750913858414,0.0,-0.8,0.9,0.09999999999999998,0.0,-13.450000762939453,-33.887275433540346,-163.05435482025146,-169.47000122070312,158.7100067138672,-4.090615272521973,-9.01737395633693,-59.09407705466282,-56.235107612985374,53.216905187465215,4.378821524125831e-19,-0.18745460891543858,-0.7188655538410264,-0.18765455955881719,0.0001945378511358251
1.0,0.0015339808305725455,-0.8022242636229862,0.9080574924673014,0.36659469422119767,-0.019941750913858414,0.0,-0.8,0.9,0.35,0.0,-13.450000762939453,-124.7537698793174,-539.6795786387885,-395.4300231933594,158.7100067138672,-4.090615272521973,-41.17241204965037,-201.13897592134032,-131.68156959352126,53.212914690559906,-1.566968811477806e-19,-0.18476073415442884,-0.7044193079588121,-0.17480735746052242,0.00017458567721832002
-1.0,0.0015339808305725455,-0.8127187648218371,0.8553504098518362,0.33672889252280475,-0.019941750913858414,0.0,-0.8,0.9,0.35,0.0,-13.450000762939453,-38.40218571866496,-173.55705861295206,-162.40413594335206,158.7100067138672,-4.090615272521973,-12.790886888652762,-62.55379595209009,-54.80497230924171,53.21442239520611,2.542663896397029e-19,-0.18332836498540514,-0.7122522569743412,-0.1804092075472171,0.00018212347332488774
1.0,0.0015339808305725455,-0.8022719621658325,0.9076819137836366,0.6135923266410828,-0.019941750913858414,0.0,-0.8,0.9,0.6,0.0,-13.450000762939453,-113.6650946970736,-522.2865022999815,-338.94000244140625,158.7100067138672,-4.090615272521973,-35.75827438306208,-194.7188143571097,-112.6617620483877,53.207504959657385,2.0398160723291575e-19,-0.1639876059718945,-0.683850247747796,-0.15283111534433236,0.00014753685273327427
-1.0,0.0015339808305725455,-0.8114912128448486,0.8574799680709839,0.5813787579536438,-0.019941750913858414,0.0,-0.8,0.9,0.6,0.0,-13.450000762939453,-39.731300444602965,-174.39270568847655,-94.1500015258789,158.7100067138672,-4.090615272521973,-12.06228382129488,-63.88918956276725,-31.422499591995624,53.20974304999319,5.805902633659877e-19,-0.16747261743058822,-0.6951997203264793,-0.16215828501163096,0.0001587273044059537
1.0,0.0015339808305725455,-0.8035308615505176,1.2057242631021503,-0.37889325618743896,-0.019941750913858414,0.0,-0.8,1.2000000000000002,-0.4,0.0,-13.450000762939453,-90.79671513425606,-506.41343865685565,-451.9200134277344,158.7100067138672,-4.090615272521973,-29.851434118429037,-187.70658002876186,-149.87023187920636,53.21719939541231,2.632869534678373e-21,-0.15382348930934944,-0.6762441680178928,-0.18717105753792235,0.00019600906712610266
-1.0,0.0015339808305725455,-0.8114452315924617,1.1535536050796509,-0.4157088100910187,-0.019941750913858414,0.0,-0.8,1.2000000000000002,-0.4,0.0,-13.450000762939453,-40.95785336726614,-145.15254400017557,-150.63999938964844,158.7100067138672,-4.090615272521973,-9.2518169860752,-51.032775938743946,-50.56555658769982,53.2171039009158,5.70322828185727e-19,-0.15597032908819647,-0.6858424170353665,-0.18491142475987088,0.0001955315590220239
1.0,0.0015339808305725455,-0.8029211768496796,1.2026563309849276,-0.13038836419582367,-0.019941750913858414,0.0,-0.8,1.2000000000000002,-0.15000000000000002,0.0,-13.450000762939453,-98.35123824597001,-482.81974878204005,-435.7799987792969,158.7100067138672,-4.090615272521973,-31.421368319681935,-179.06301587882842,-144.8035580712093,53.215796181016586,-1.2824988245068856e-19,-0.15370679486924044,-0.6744301992457418,-0.1850118472992713,0.0001889931592624508
-1.0,0.0015339808305725455,-0.8114758729934692,1.153754438545341,-0.16260196268558502,-0.019941750913858414,0.0,-0.8,1.2000000000000002,-0.15000000000000002,0.0,-13.450000762939453,-35.67436478441196,-146.76935739112912,-177.54000854492188,158.7100067138672,-4.090615272521973,-9.974993237853946,-52.1361067880673,-59.94993399347696,53.21657849991891,-3.644649697033566e-19,-0.1591263831854145,-0.6876285699501758,-0.18711030348536814,0.00019290448680953751
1.0,0.0015339808305725455,-0.8024251691708701,1.2027482551879503,0.11963518478264672,-0.014723151840836963,0.0,-0.8,1.2000000000000002,0.09999999999999998,0.0,-13.450000762939453,-93.15594532903512,-475.48856859528615,-416.95001220703125,115.02521090084842,-4.090615272521973,-29.604930179254172,-175.94948831148548,-138.04113842100168,39.29709075434138,-3.6221286062062547e-19,-0.14145625542763243,-0.6612569856001215,-0.17136100470607854,0.0001256865015119906
-1.0,0.0015339808305725455,-0.8096354738454545,1.154846289184656,0.08590292930603027,-0.014665699353471826,0.0,-0.8,1.2000000000000002,0.09999999999999998,0.0,-13.450000762939453,-40.31641791316305,-146.2574141903614,-153.3300018310547,115.203200084291,-4.090615272521973,-13.04727750639732,-52.36362741679164,-51.15070521122175,39.21650404753081,2.7463747914770146e-19,-0.15176824225270896,-0.6779032212262702,-0.17748566559677573,0.00013132057975911372
1.0,0.0015339808305725455,-0.8007532977283969,1.204525456446387,0.36814006932368143,-0.010737866163253784,0.0,-0.8,1.2000000000000002,0.35,0.0,-13.450000762939453,-84.29674374774451,-471.78435799245085,-365.81312989652827,83.38999938964844,-4.090615272521973,-28.228390250647305,-174.56202546413468,-121.79742381513852,28.649451284048357,1.7420327041059228e-19,-0.11857907326358788,-0.6372538239595379,-0.14684848719922947,7.571753723263757e-05
-1.0,0.0015339808305725455,-0.8085306215286255,1.1539946258068086,0.33594179153442383,-0.010737866163253784,0.0,-0.8,1.2000000000000002,0.35,0.0,-13.450000762939453,-32.24637570858002,-128.07089950561524,-121.05000305175781,83.38999938964844,-4.090615272521973,-11.17756517230321,-45.19065810588229,-40.91877231604875,28.650721499364185,-4.07931067397671e-20,-0.1330443325249393,-0.6582816904828833,-0.15681524229517302,8.206857301463441e-05
1.0,0.0015339808305725455,-0.8007379770278931,1.204062146141642,0.6120583415031433,-0.004601942375302315,0.0,-0.8,1.2000000000000002,0.6,0.0,-13.450000762939453,-68.25288217501748,-443.15234960998384,-269.0,34.970001220703125,-4.090615272521973,-20.12451647940155,-165.46396780730453,-89.31936514877025,12.27663298579727,3.785244492468095e-21,-0.08663707898422342,-0.6063383439801646,-0.11432758070037409,2.3935841156560323e-05
-1.0,0.0015339808305725455,-0.8084098201990128,1.1551757943630219,0.5813787579536438,-0.004601942375302315,0.0,-0.8,1.2000000000000002,0.6,0.0,-13.450000762939453,0.0,-116.70565448760986,-37.65999984741211,34.970001220703125,-4.090615272521973,-4.002608686370099,-41.01109828153188,-13.775906404635778,12.277286919675149,6.030874584450619e-20,-0.10362290220076742,-0.6295782772527627,-0.1268653640956658,2.7205580259282678e-05
1.0,0.001535893524875005,-0.40157207660841526,0.6095966970236819,-0.38197844076037707,-0.004601942375302315,0.0,-0.3999999999999999,0.6,-0.4,0.0,-13.450000762939453,-389.91584675092054,-544.6512155128536,-416.95001220703125,34.970001220703125,-4.131419414891269,-138.316590677315,-204.38689263151085,-138.42870829671847,12.28078760523926,1.7266798314303123e-19,-0.5588089465214753,-0.7012402129897184,-0.18074195563642512,4.470886355709829e-05
-1.0,0.0015339808305725455,-0.43716920256614683,0.5553010702133179,-0.41264083981513977,-0.004601942375302315,0.0,-0.3999999999999999,0.6,-0.4,0.0,-13.450000762939453,-108.91810302734375,-161.40000915527344,-156.02000427246094,34.970001220703125,-4.090615272521973,-34.27487093936136,-59.79214397828076,-52.958740217620885,12.280533741239239,-2.9192143494172206e-19,-0.523108784507713,-0.7019187746390846,-0.173335288967956,4.3439618367905e-05
1.0,0.0015339808305725455,-0.4003900282103522,0.6011215843761948,-0.1290514001116491,-0.004601942375302315,0.0,-0.3999999999999999,0.6,-0.15000000000000002,0.0,-13.450000762939453,-406.6763501250536,-493.1622148547089,-452.0810110800879,34.970001220703125,-4.090615272521973,-143.99020649533816,-183.56636490918225,-149.50033162504508,12.280901385492577,-2.484404666440444e-19,-0.5688459442263029,-0.7084589137612609,-0.18764200807922732,4.527785819761126e-05
-1.0,0.0015339808305725455,-0.43703152644366694,0.5552857686159319,-0.16566993296146393,-0.004601942375302315,0.0,-0.3999999999999999,0.6,-0.15000000000000002,0.0,-13.450000762939453,-111.93351844540261,-171.89838247703494,-153.3300018310547,34.970001220703125,-4.090615272521973,-38.05887021106431,-62.724037943995256,-51.06059045933638,12.280914426716304,-3.451331853311088e-19,-0.536508248827671,-0.7135764148382274,-0.18569414844796944,4.534304575218506e-05
1.0,0.0015339808305725455,-0.40038432836532595,0.6013205051422119,0.11965050548315048,-0.004601942375302315,0.0,-0.3999999999999999,0.6,0.09999999999999998,0.0,-13.450000762939453,-401.3681770324707,-492.45831909179685,-433.0899963378906,34.970001220703125,-4.090615272521973,-143.33437530152855,-183.11117940868954,-143.97329305504627,12.280462060965567,7.806255641895632e-20,-0.5661138986520655,-0.7042329092677505,-0.18314366145944963,4.308113489691218e-05
-1.0,0.0015339808305725455,-0.4376020315062538,0.5553010702133179,0.08590292930603027,-0.004601942375302315,0.0,-0.3999999999999999,0.6,0.09999999999999998,0.0,-13.450000762939453,-133.32459621929496,-172.56635858771506,-166.77999877929688,34.970001220703125,-4.090615272521973,-37.10562884903195,-63.04499299511239,-55.7566661045282,12.280737089145694,-1.5403521501729138e-19,-0.5386613071732779,-0.7146745790844223,-0.18669759241269504,4.445630525412874e-05
1.0,0.0015339808305725455,-0.40036898851394653,0.6025208485126495,0.3690144217014313,-0.004601942375302315,0.0,-0.3999999999999999,0.6,0.35,0.0,-13.450000762939453,-390.6586301803589,-490.1550051116943,-406.11602737426756,34.970001220703125,-4.090615272521973,-139.78060974181176,-182.48322355179047,-134.33733644905934,12.279483472671235,-1.2437831797482146e-19,-0.5520186760383214,-0.6891791920500886,-0.1672136230270088,3.818836956249388e-05
-1.0,0.0015339808305725455,-0.4385329956871613,0.5552838559162587,0.33594179153442383,-0.004601942375302315,0.0,-0.3999999999999999,0.6,0.35,0.0,-13.450000762939453,-98.91284452709473,-165.96494824036103,-150.63999938964844,34.970001220703125,-4.090615272521973,-32.19776164922753,-60.52972465134624,-50.57376857385295,12.280010130190002,-2.0926994551216469e-19,-0.5292051531938122,-0.7049712646709663,-0.17612464133471678,4.082156312058958e-05
1.0,0.0015339808305725455,-0.4008222983365047,0.6028697918775373,0.6121463256881124,-0.004601942375302315,0.0,-0.3999999999999999,0.6,0.6,0.0,-13.450000762939453,-374.02404663390354,-476.23733665104817,-312.0400085449219,34.970001220703125,-4.090615272521973,-132.36771944855943,-177.27280671264595,-103.24760724462641,12.278078112292597,-1.6695631957850348e-19,-0.5277263562412855,-0.6651765719788709,-0.14177578599843238,3.116141033794096e-05
-1.0,0.0015339808305725455,-0.43574248148260936,0.5559196434961574,0.5813481165526363,-0.004601942375302315,0.0,-0.3999999999999999,0.6,0.6,0.0,-13.450000762939453,-105.1585166540634,-160.6914016780782,-80.40447372265076,34.970001220703125,-4.090615272521973,-35.29650636704078,-57.066367183544116,-27.615151421060464,12.27878070103091,-1.3941675875905988e-20,-0.5121965380410481,-0.6846818846844286,-0.15470782413881576,3.467464181897464e-05
1.0,0.0015339808305725455,-0.3997255190927884,0.9096506237983704,-0.37886261478643146,-0.004601942375302315,0.0,-0.3999999999999999,0.9,-0.4,0.0,-13.450000762939453,-369.16136685679766,-512.6179756612219,-454.6100158691406,34.970001220703125,-4.090615272521973,-131.3785461206107,-191.8018886188917,-150.17706273030126,12.280846801401353,-1.5988936532440727e-19,-0.512660029321722,-0.6512427205120965,-0.18762140691549958,4.5004919177163174e-05
-1.0,0.0015339808305725455,-0.4343923447507151,0.8574953079223633,-0.4157854135935375,-0.004601942375302315,0.0,-0.3999999999999999,0.9,-0.4,0.0,-13.450000762939453,-102.84800480188949,-158.7100067138672,-152.89342215891634,34.970001220703125,-4.090615272521973,-35.13450765297917,-57.90546587023344,-51.364939439335224,12.280924386788922,3.993004255720647e-21,-0.49749636028791294,-0.6715748880428146,-0.18691864306100128,4.5392847915496166e-05
1.0,0.0015339808305725455,-0.40041495061545784,0.9067550114031588,-0.1288543939590454,-0.004601942375302315,0.0,-0.3999999999999999,0.9,-0.15000000000000002,0.0,-13.450000762939453,-361.0577861962098,-494.0230514774013,-441.1600036621094,34.970001220703125,-4.090615272521973,-128.22369098662017,-182.49195835202667,-146.6414922050146,12.28028544298763,9.569674606083042e-20,-0.5071771886088551,-0.645055938090502,-0.18050672262453077,4.219822326772827e-05
-1.0,0.0015339808305725455,-0.4341856014728546,0.8584367913007737,-0.1653918981552124,-0.004601942375302315,0.0,-0.3999999999999999,0.9,-0.15000000000000002,0.0,-13.450000762939453,-106.13731477737427,-166.66567953109742,-152.284263381958,34.970001220703125,-4.090615272521973,-35.6416306472873,-59.90348877356037,-51.65274582976294,12.280622082621798,1.9244588561617703e-20,-0.49719237275679423,-0.6694865420622343,-0.1853349352097041,4.388159303746867e-05
1.0,0.0015339808305725455,-0.40036898851394653,0.9082086777687073,0.11811652034521103,-0.0030833014682866634,0.0,-0.3999999999999999,0.9,0.09999999999999998,0.0,-13.450000762939453,-349.0073365783691,-485.53828842163085,-390.0500183105469,24.21000099182129,-4.090615272521973,-124.00234332808151,-181.82471967780373,-129.45706244365564,8.22707639065098,3.876022766635678e-20,-0.4901424025837977,-0.6271957443120443,-0.16229268781455733,2.4698464409480364e-05
-1.0,0.0015339808305725455,-0.43411657214164734,0.8589928609132766,0.0855501127243042,-0.003100558751320932,0.0,-0.3999999999999999,0.9,0.09999999999999998,0.0,-13.450000762939453,-103.22202746391297,-163.65623533248902,-140.86185577392578,24.21000099182129,-4.090615272521973,-32.81014385961242,-58.14021897599646,-47.42282599577443,8.30932007872361,8.744768147453396e-20,-0.485461754751604,-0.6566329978968861,-0.17208541971346564,2.685534913076489e-05
1.0,-0.0015339808305725455,-0.40122311756703144,0.9054833932613463,0.3666214048862457,-0.003067961661145091,0.0,-0.3999999999999999,0.9,0.35,0.0,10.760000228881836,-321.27198275257734,-450.7278150922797,-336.25,21.520000457763672,4.090615272521973,-114.94417393998376,-168.08533535612236,-111.61235142520917,8.18513751848544,2.314588907553324e-20,-0.4637703040388361,-0.6017131508091914,-0.13457645900557935,1.953473386245395e-05
-1.0,-0.0015339808305725455,-0.43411657214164734,0.8592801597829764,0.33490955933798267,-0.003067961661145091,0.0,-0.3999999999999999,0.9,0.35,0.0,10.760000228881836,-97.55196223455422,-151.204194658258,-99.1975292153424,21.520000457763672,4.090615272521973,-27.096368812941854,-53.000422904945225,-33.95595945770272,8.185626475176903,-1.3880765641496688e-19,-0.4630352940309398,-0.6338938679936694,-0.14822106640058286,2.1979730693937652e-05
1.0,0.0015339808305725455,-0.39967486023902893,0.9081319785118103,0.6120583415031433,-0.0015339808305725455,0.0,-0.3999999999999999,0.9,0.6,0.0,-13.450000762939453,-308.92633193969726,-443.37253067016604,-244.79000854492188,10.760000228881836,-4.090615272521973,-110.11880239247188,-165.93436704272742,-81.19300198974453,4.09194340550347,-4.255493527005605e-20,-0.4285162419409829,-0.5656843199931686,-0.09807546821969129,6.640717590227118e-06
-1.0,0.0015646221455402867,-0.4335152346468746,0.8599810545959425,0.5859806537628174,-0.0015339808305725455,0.0,-0.3999999999999999,0.9,0.6,0.0,-13.483583767018217,-63.918565885851,-161.02723375718097,-56.4900016784668,10.760000228881836,-4.172325440262736,-20.500242652779846,-46.71568492504146,-19.997903140974028,4.092231980187867,-5.3770201375763624e-20,-0.43092189856410473,-0.6016982114185145,-0.11476592766557438,8.083563145715009e-06
1.0,0.0015339808305725455,-0.4000967061519623,1.2041749954223633,-0.3798884290456772,-0.0015339808305725455,0.0,-0.3999999999999999,1.2000000000000002,-0.4,0.0,-13.450000762939453,-290.67131900787354,-406.19000244140625,-431.06579246520994,10.760000228881836,-4.090615272521973,-103.87541261171745,-150.28698267730203,-142.59796759447653,4.093396405473194,5.827586677109586e-21,-0.40834560128871916,-0.5457004109632231,-0.17790332094531727,1.3905640757012209e-05
-1.0,0.0015339808305725455,-0.43112520536828725,1.1582493997840548,-0.4157088100910187,-0.0015339808305725455,0.0,-0.3999999999999999,1.2000000000000002,-0.4,0.0,-13.450000762939453,-69.58402107895984,-124.98257645358159,-147.9499969482422,10.760000228881836,-4.090615272521973,-21.752242981301478,-36.557950746657305,-49.86667886121771,4.093520085081789,-3.207939012223028e-20,-0.41085222809826294,-0.5798326410448206,-0.18351374412142973,1.452407168812997e-05
1.0,0.0015339808305725455,-0.40192207682919534,1.2026410102844238,-0.13174660010251726,-0.0015339808305725455,0.0,-0.3999999999999999,1.2000000000000002,-0.15000000000000002,0.0,-13.450000762939453,-265.2045191554619,-381.9800109863281,-385.55774773280615,10.760000228881836,-4.090615272521973,-94.06342488754484,-141.58666343002815,-127.78915106779701,4.093009091957583,-2.061064279326429e-19,-0.38905842001873037,-0.5276217524014123,-0.15808401092361762,1.1969079122559455e-05
-1.0,0.0015339808305725455,-0.4303017322267039,1.1597048663319125,-0.16260196268558502,-0.0015339808305725455,0.0,-0.3999999999999999,1.2000000000000002,-0.15000000000000002,0.0,-13.450000762939453,-64.5600013923407,-103.42899079626419,-150.63999938964844,10.760000228881836,-4.090615272521973,-20.094346603043267,-36.2013386108869,-50.189266741916526,4.09318973669499,-1.0676210531185289e-19,-0.39609819549637304,-0.5633580745598055,-0.16758996970268464,1.2872415001437837e-05
1.0,0.0015339808305725455,-0.4134078323841095,1.1842331886291504,0.11658254265785217,-0.0015339808305725455,0.0,-0.3999999999999999,1.2000000000000002,0.09999999999999998,0.0,-13.450000762939453,-164.5204019165039,-244.79000854492188,-333.55999755859375,10.760000228881836,-4.090615272521973,-57.03489640965768,-89.09515177071715,-110.41850355389438,4.092542161864156,2.710505431213761e-20,-0.3640392933926102,-0.5142744246207276,-0.1323967834139376,9.634446710780172e-06
-1.0,0.0015339808305725455,-0.42799598209271567,1.160455580656597,0.08283496648073196,-0.0015339808305725455,0.0,-0.3999999999999999,1.2000000000000002,0.09999999999999998,0.0,-13.450000762939453,-77.68760452556253,-94.24067561307947,-72.6300048828125,10.760000228881836,-4.090615272521973,-20.32573194648686,-31.55509738334119,-25.045695128179673,4.092707604717442,-1.5193719583208225e-20,-0.3724734907879506,-0.5372381385403309,-0.14163728342451612,1.0461575894408349e-05
1.0,0.0015339808305725455,-0.4343617033497076,1.1607600795791093,0.3528309189499392,-0.0015339808305725455,0.0,-0.3999999999999999,1.2000000000000002,0.35,0.0,-13.450000762939453,4.973645544230715,-69.94000244140625,-177.5937414276466,10.760000228881836,-4.090615272521973,6.966749290263137,-23.86678814238969,-59.84697939578434,4.092055640666589,-7.305844227204133e-20,-0.33201752253454125,-0.5039092106980425,-0.10459632297135169,7.201892241898301e-06
-1.0,0.0015339808305725455,-0.43147428274154664,1.1550760853290558,0.3298058807849884,-0.0015339808305725455,0.0,-0.3999999999999999,1.2000000000000002,0.35,0.0,-13.450000762939453,0.0,-37.01440026760101,0.0,10.760000228881836,-4.090615272521973,-2.721166608315429,-9.921524035274174,-0.4425776558212226,4.092124650962522,5.83436294068762e-20,-0.3398503628253087,-0.5087463785340348,-0.10858887392196208,7.547044717698821e-06
1.0,0.0015339808305725455,-0.006225932191838784,0.603725855121303,-0.37526419505793207,-0.0015339808305725455,0.0,0.0,0.6,-0.4,0.0,-13.450000762939453,-574.4409693266717,-456.6921650747235,-479.6528670064519,10.760000228881836,-4.090615272521973,-208.50846481179474,-169.38608506842746,-159.0773679855533,4.0935918276078525,-6.195712906320781e-21,-0.8827875297863573,-0.6252354056954352,-0.18630203592215752,1.4882788408581634e-05
-1.0,0.0015339808305725455,-0.04973468460263533,0.5572123276011626,-0.4157088100910187,-0.0015339808305725455,0.0,0.0,0.6,-0.4,0.0,-13.450000762939453,-246.4758702157886,-147.36230211579397,-153.3300018310547,10.760000228881836,-4.090615272521973,-88.16306305320732,-52.241421577556096,-51.96459075896079,4.093654021548988,-5.283116859528695e-21,-0.8658244606436813,-0.652022675212458,-0.1877094835442956,1.5193755966695311e-05
1.0,0.0,-0.00920388475060463,0.5997865200042725,-0.13192234933376312,-0.0015339808305725455,0.0,0.0,0.6,-0.15000000000000002,0.0,0.0,-544.5251869458831,-422.33001708984375,-411.57000732421875,10.760000228881836,-6.631571546511939e-14,-198.06491047333054,-156.73309656994738,-136.07421306267605,4.0933514783499465,-1.7194768829262297e-19,-0.872974910229242,-0.6168720648575887,-0.1757342949608064,1.3681029139511752e-05
-1.0,0.0,-0.05008514477556267,0.5574842700351044,-0.1651375386189581,-0.0015339808305725455,0.0,0.0,0.6,-0.15000000000000002,0.0,0.0,-284.3608826674177,-145.53538497943853,-151.37546822194304,10.760000228881836,-6.629660249976744e-14,-85.91611269680591,-51.30204985429882,-50.78629805625503,4.093489998411665,-4.4878999102961933e-20,-0.8614933932249601,-0.6464765316733878,-0.18221489747772315,1.4373708074162111e-05
1.0,0.0015339808305725455,-0.0076699042692780495,0.5982372141658292,0.11811652034521103,-0.0015339808305725455,0.0,0.0,0.6,0.09999999999999998,0.0,-13.450000762939453,-535.2999226430828,-397.3240866595589,-376.6000061035156,10.760000228881836,-4.090615272521973,-197.48279612981077,-147.26571616871223,-125.2821873414808,4.09293210520812,4.8415176600612845e-20,-0.8546504841023319,-0.5959469734737743,-0.1539429376102014,1.1584163431055332e-05
-1.0,0.0015339808305725455,-0.05063668865426798,0.5574497984589709,0.08436894416809082,-0.0015339808305725455,0.0,0.0,0.6,0.09999999999999998,0.0,-13.450000762939453,-222.406922891643,-132.48165859265274,-123.74000549316406,10.760000228881836,-4.090615272521973,-80.79046423566427,-47.300733709386854,-41.05441750035805,4.093148967790119,-7.171334126216932e-20,-0.846359398753202,-0.6305045329317222,-0.1654749678353962,1.2668525210167283e-05
1.0,0.0015339808305725455,-0.004586602568160743,0.607456386089325,0.3665907257795334,-0.0015339808305725455,0.0,0.0,0.6,0.35,0.0,-13.450000762939453,-535.7403979492187,-436.49957443237304,-314.44083572387694,10.760000228881836,-4.090615272521973,-197.59905955903778,-162.87996898315438,-104.7632147791534,4.092341697961736,1.8039154798556428e-19,-0.8228624783868422,-0.5607694365030234,-0.1210422851474359,8.632103086836081e-06
-1.0,0.0015339808305725455,-0.049177507986314595,0.5583690404891968,0.3294664865732193,-0.0015339808305725455,0.0,0.0,0.6,0.35,0.0,-13.450000762939453,-215.84224342346192,-156.02000427246094,-41.049401931762695,10.760000228881836,-4.090615272521973,-78.5512200294884,-43.09943202801235,-14.56525632480279,4.092655187951863,-1.1085543697190656e-19,-0.822339095895515,-0.6043723904218422,-0.13872341692390644,1.0199490136904508e-05
1.0,0.0015339808305725455,-0.02454369328916073,0.5876201003789902,0.610583798289299,-0.0015339808305725455,0.0,0.0,0.6,0.6,0.0,-13.450000762939453,-365.873629989624,-287.29537731170655,-217.88999938964844,10.760000228881836,-4.090615272521973,-134.55602766927325,-105.28128500606023,-72.94457491016554,4.091795550601009,-1.0947053810314578e-19,-0.7843355780422104,-0.5422895050373266,-0.08943136855369983,5.901336421922478e-06
-1.0,0.0015339808305725455,-0.048884387789631306,0.5613642374376828,0.5906113354900803,-0.0015339808305725455,0.0,0.0,0.6,0.6,0.0,-13.450000762939453,-195.2315394369404,-117.812597715304,-75.31999969482422,10.760000228881836,-4.090615272521973,-69.97875628430857,-41.6494632704661,-25.384583436456854,4.091990958577656,-4.830096991109541e-20,-0.7853745059741563,-0.5672662078650499,-0.10084203765187646,6.8784302583181154e-06
1.0,0.0015339808305725455,-0.023254536840126402,0.9112305137284676,-0.3804272413253784,-0.0015339808305725455,0.0,0.0,0.9,-0.4,0.0,-13.450000762939453,-351.9305005156786,-425.87867215506157,-416.95001220703125,10.760000228881836,-4.090615272521973,-129.00126657538922,-159.19424572226995,-138.34264184909043,4.093282136860378,-3.7408861585719845e-21,-0.7490748444675397,-0.5065269246533612,-0.1722971032659078,1.3334307560926557e-05
-1.0,0.0015339808305725455,-0.047706611798646,0.8620818830310331,-0.41724279522895813,-0.0015339808305725455,0.0,0.0,0.9,-0.4,0.0,-13.450000762939453,-225.10363782866023,-104.8294043380223,-129.1199951171875,10.760000228881836,-4.090615272521973,-66.85043474210316,-37.41876182459904,-43.748851693373965,4.093429377472519,2.7506892664143393e-20,-0.7610512152447652,-0.5432695254502727,-0.17945927412649496,1.4070524752928504e-05
1.0,0.0015339808305725455,-0.022749260916710645,0.8866409063339233,-0.1288543939590454,-0.0015339808305725455,0.0,0.0,0.9,-0.15000000000000002,0.0,-13.450000762939453,-352.1784395939402,-247.48001098632812,-395.4300231933594,10.760000228881836,-4.090615272521973,-127.96737510633275,-90.7881735524703,-131.91744340295955,4.092878954464906,-4.688396098560132e-20,-0.7396771292435664,-0.49573103213156666,-0.15105747465689798,1.1318331288873258e-05
-1.0,0.001549320638878271,-0.04752272553741932,0.8620972037315369,-0.16260196268558502,-0.0015339808305725455,0.0,0.0,0.9,-0.15000000000000002,0.0,-13.450000762939453,-177.59380767822265,-99.2609992980957,-137.19000244140625,10.760000228881836,-4.131521425247192,-62.754896486414246,-32.51807088542532,-46.28675343112014,4.093040953803517,2.625802136488331e-20,-0.7430663128458757,-0.5238918456765179,-0.15978416047354657,1.2128424176744681e-05
